function,us,ms,,,Row Labels,Average of ms,,INI:
Datastore::Init,145,0.145,,,App::init,1204.720,,"100 5 100
10 10 2"
MeshDatastore::Init,1004611,1004.61,,,MeshDatastore::Init,1004.610,,
ForceGrid::ForceGrid,1965,1.965,,,App::run,105.204,,
TextureBuffer::TextureBuffer,695,0.695,,,ForceGrid::update,82.310,,
Renderer::init,843,0.843,,,ForceGrid::updateDebugLines,7.426,,
DebugRenderer::init,70,0.07,,,Renderer::draw,6.701,,
MeshRenderer::init,0,0,,,Renderer::update,6.072,,
App::init,1204720,1204.72,,,TextureBuffer::loadData,4.557,,
DebugDatastore::beginDebug,4,0.004,,,Datastore::Update,2.238,,
EmitterManager::update,5,0.005,,,ForceGrid::ForceGrid,1.965,,
ForceGrid::update,101569,101.569,,,DebugRenderer::draw,1.874,,
ForceGrid::updateDebugLines,9405,9.405,,,Datastore::submitData (single),1.051,,
Datastore::copyData (single),3,0.003,,,Renderer::init,0.843,,
Datastore::submitData (single),130,0.13,,,TextureBuffer::TextureBuffer,0.695,,
Datastore::Update,399,0.399,,,DebugDatastore::beginDebug,0.487,,
MeshDatastore::Update,0,0,,,Datastore::submitData,0.311,,
Renderer::clear,7,0.007,,,Datastore::Init,0.145,,
TextureBuffer::getPointer,1,0.001,,,Datastore::copyData,0.102,,
TextureBuffer::releasePointer,2,0.002,,,GUILayer::render,0.098,,
TextureBuffer::loadData,538,0.538,,,DebugRenderer::init,0.070,,
TextureBuffer::bind,4,0.004,,,Renderer::MVP,0.007,,
Renderer::update,18420,18.42,,,Renderer::clear,0.007,,
Renderer::MVP,22,0.022,,,TextureBuffer::bind,0.005,,
Renderer::draw,27969,27.969,,,TextureBuffer::getPointer,0.003,,
DebugRenderer::draw,9374,9.374,,,TextureBuffer::releasePointer,0.002,,
GUILayer::render,204,0.204,,,Datastore::copyData (single),0.002,,
App::run,170077,170.077,,,EmitterManager::update,0.002,,
DebugDatastore::beginDebug,445,0.445,,,MeshDatastore::Update,0.000,,
EmitterManager::update,1,0.001,,,MeshRenderer::init,0.000,,
ForceGrid::update,95212,95.212,,,Grand Total,12.08648932,,
ForceGrid::updateDebugLines,6986,6.986,,,,,,
Datastore::copyData (single),9,0.009,,,,,,
Datastore::submitData (single),160,0.16,,,,,,
Datastore::Update,565,0.565,,,,,,
MeshDatastore::Update,0,0,,,,,,
Renderer::clear,8,0.008,,,,,,
TextureBuffer::getPointer,3,0.003,,,,,,
TextureBuffer::releasePointer,4,0.004,,,,,,
TextureBuffer::loadData,1527,1.527,,,,,,
TextureBuffer::bind,5,0.005,,,,,,
Renderer::update,2391,2.391,,,,,,
Renderer::MVP,6,0.006,,,,,,
Renderer::draw,2779,2.779,,,,,,
DebugRenderer::draw,1679,1.679,,,,,,
GUILayer::render,87,0.087,,,,,,
App::run,109596,109.596,,,,,,
DebugDatastore::beginDebug,441,0.441,,,,,,
EmitterManager::update,1,0.001,,,,,,
ForceGrid::update,77823,77.823,,,,,,
ForceGrid::updateDebugLines,6986,6.986,,,,,,
Datastore::copyData (single),2,0.002,,,,,,
Datastore::submitData (single),255,0.255,,,,,,
Datastore::Update,618,0.618,,,,,,
MeshDatastore::Update,1,0.001,,,,,,
Renderer::clear,8,0.008,,,,,,
TextureBuffer::getPointer,9,0.009,,,,,,
TextureBuffer::releasePointer,2,0.002,,,,,,
TextureBuffer::loadData,1658,1.658,,,,,,
TextureBuffer::bind,4,0.004,,,,,,
Renderer::update,2458,2.458,,,,,,
Renderer::MVP,6,0.006,,,,,,
Renderer::draw,2846,2.846,,,,,,
DebugRenderer::draw,1727,1.727,,,,,,
GUILayer::render,86,0.086,,,,,,
App::run,92007,92.007,,,,,,
DebugDatastore::beginDebug,519,0.519,,,,,,
EmitterManager::update,2,0.002,,,,,,
ForceGrid::update,77061,77.061,,,,,,
ForceGrid::updateDebugLines,6999,6.999,,,,,,
Datastore::copyData (single),2,0.002,,,,,,
Datastore::submitData (single),198,0.198,,,,,,
Datastore::Update,559,0.559,,,,,,
MeshDatastore::Update,0,0,,,,,,
Renderer::clear,5,0.005,,,,,,
TextureBuffer::getPointer,3,0.003,,,,,,
TextureBuffer::releasePointer,2,0.002,,,,,,
TextureBuffer::loadData,1455,1.455,,,,,,
TextureBuffer::bind,3,0.003,,,,,,
Renderer::update,2312,2.312,,,,,,
Renderer::MVP,6,0.006,,,,,,
Renderer::draw,2695,2.695,,,,,,
DebugRenderer::draw,1792,1.792,,,,,,
GUILayer::render,94,0.094,,,,,,
App::run,91194,91.194,,,,,,
DebugDatastore::beginDebug,468,0.468,,,,,,
EmitterManager::update,1,0.001,,,,,,
ForceGrid::update,79063,79.063,,,,,,
ForceGrid::updateDebugLines,7052,7.052,,,,,,
Datastore::copyData (single),3,0.003,,,,,,
Datastore::submitData (single),248,0.248,,,,,,
Datastore::Update,491,0.491,,,,,,
MeshDatastore::Update,0,0,,,,,,
Renderer::clear,7,0.007,,,,,,
TextureBuffer::getPointer,3,0.003,,,,,,
TextureBuffer::releasePointer,1,0.001,,,,,,
TextureBuffer::loadData,1684,1.684,,,,,,
TextureBuffer::bind,3,0.003,,,,,,
Renderer::update,2526,2.526,,,,,,
Renderer::MVP,6,0.006,,,,,,
Renderer::draw,2877,2.877,,,,,,
DebugRenderer::draw,1812,1.812,,,,,,
GUILayer::render,106,0.106,,,,,,
App::run,93473,93.473,,,,,,
DebugDatastore::beginDebug,475,0.475,,,,,,
EmitterManager::update,1,0.001,,,,,,
ForceGrid::update,77612,77.612,,,,,,
ForceGrid::updateDebugLines,7096,7.096,,,,,,
Datastore::copyData (single),2,0.002,,,,,,
Datastore::submitData (single),252,0.252,,,,,,
Datastore::Update,488,0.488,,,,,,
MeshDatastore::Update,0,0,,,,,,
Renderer::clear,7,0.007,,,,,,
TextureBuffer::getPointer,4,0.004,,,,,,
TextureBuffer::releasePointer,5,0.005,,,,,,
TextureBuffer::loadData,74541,74.541,,,,,,
TextureBuffer::bind,4,0.004,,,,,,
Renderer::update,75226,75.226,,,,,,
Renderer::MVP,7,0.007,,,,,,
Renderer::draw,75697,75.697,,,,,,
DebugRenderer::draw,2087,2.087,,,,,,
GUILayer::render,95,0.095,,,,,,
App::run,165128,165.128,,,,,,
DebugDatastore::beginDebug,534,0.534,,,,,,
EmitterManager::update,1,0.001,,,,,,
ForceGrid::update,84070,84.07,,,,,,
ForceGrid::updateDebugLines,7286,7.286,,,,,,
Datastore::copyData (single),2,0.002,,,,,,
Datastore::submitData (single),253,0.253,,,,,,
Datastore::Update,550,0.55,,,,,,
MeshDatastore::Update,1,0.001,,,,,,
Renderer::clear,7,0.007,,,,,,
TextureBuffer::getPointer,10,0.01,,,,,,
TextureBuffer::releasePointer,3,0.003,,,,,,
TextureBuffer::loadData,1682,1.682,,,,,,
TextureBuffer::bind,6,0.006,,,,,,
Renderer::update,2445,2.445,,,,,,
Renderer::MVP,6,0.006,,,,,,
Renderer::draw,2889,2.889,,,,,,
DebugRenderer::draw,1779,1.779,,,,,,
GUILayer::render,93,0.093,,,,,,
App::run,98666,98.666,,,,,,
DebugDatastore::beginDebug,490,0.49,,,,,,
EmitterManager::update,1,0.001,,,,,,
ForceGrid::update,78253,78.253,,,,,,
ForceGrid::updateDebugLines,7170,7.17,,,,,,
Datastore::copyData (single),1,0.001,,,,,,
Datastore::submitData (single),246,0.246,,,,,,
Datastore::Update,602,0.602,,,,,,
MeshDatastore::Update,0,0,,,,,,
Renderer::clear,8,0.008,,,,,,
TextureBuffer::getPointer,4,0.004,,,,,,
TextureBuffer::releasePointer,3,0.003,,,,,,
TextureBuffer::loadData,1676,1.676,,,,,,
TextureBuffer::bind,6,0.006,,,,,,
Renderer::update,2450,2.45,,,,,,
Renderer::MVP,6,0.006,,,,,,
Renderer::draw,2878,2.878,,,,,,
DebugRenderer::draw,1787,1.787,,,,,,
GUILayer::render,95,0.095,,,,,,
App::run,92900,92.9,,,,,,
DebugDatastore::beginDebug,473,0.473,,,,,,
EmitterManager::update,1,0.001,,,,,,
ForceGrid::update,76808,76.808,,,,,,
ForceGrid::updateDebugLines,6948,6.948,,,,,,
Datastore::copyData (single),2,0.002,,,,,,
Datastore::submitData (single),249,0.249,,,,,,
Datastore::Update,505,0.505,,,,,,
MeshDatastore::Update,0,0,,,,,,
Renderer::clear,7,0.007,,,,,,
TextureBuffer::getPointer,3,0.003,,,,,,
TextureBuffer::releasePointer,2,0.002,,,,,,
TextureBuffer::loadData,1726,1.726,,,,,,
TextureBuffer::bind,4,0.004,,,,,,
Renderer::update,2420,2.42,,,,,,
Renderer::MVP,6,0.006,,,,,,
Renderer::draw,2902,2.902,,,,,,
DebugRenderer::draw,1661,1.661,,,,,,
GUILayer::render,85,0.085,,,,,,
App::run,90862,90.862,,,,,,
DebugDatastore::beginDebug,440,0.44,,,,,,
EmitterManager::update,2,0.002,,,,,,
ForceGrid::update,78677,78.677,,,,,,
ForceGrid::updateDebugLines,7422,7.422,,,,,,
Datastore::copyData (single),2,0.002,,,,,,
Datastore::submitData (single),171,0.171,,,,,,
Datastore::Update,531,0.531,,,,,,
MeshDatastore::Update,0,0,,,,,,
Renderer::clear,7,0.007,,,,,,
TextureBuffer::getPointer,2,0.002,,,,,,
TextureBuffer::releasePointer,2,0.002,,,,,,
TextureBuffer::loadData,502,0.502,,,,,,
TextureBuffer::bind,12,0.012,,,,,,
Renderer::update,1281,1.281,,,,,,
Renderer::MVP,6,0.006,,,,,,
Renderer::draw,1725,1.725,,,,,,
DebugRenderer::draw,1789,1.789,,,,,,
GUILayer::render,106,0.106,,,,,,
App::run,93441,93.441,,,,,,
DebugDatastore::beginDebug,536,0.536,,,,,,
EmitterManager::update,1,0.001,,,,,,
ForceGrid::update,80698,80.698,,,,,,
ForceGrid::updateDebugLines,7099,7.099,,,,,,
Datastore::copyData (single),2,0.002,,,,,,
Datastore::submitData (single),246,0.246,,,,,,
Datastore::Update,549,0.549,,,,,,
MeshDatastore::Update,0,0,,,,,,
Renderer::clear,8,0.008,,,,,,
TextureBuffer::getPointer,3,0.003,,,,,,
TextureBuffer::releasePointer,2,0.002,,,,,,
TextureBuffer::loadData,1696,1.696,,,,,,
TextureBuffer::bind,3,0.003,,,,,,
Renderer::update,2487,2.487,,,,,,
Renderer::MVP,6,0.006,,,,,,
Renderer::draw,2955,2.955,,,,,,
DebugRenderer::draw,1650,1.65,,,,,,
GUILayer::render,85,0.085,,,,,,
App::run,94992,94.992,,,,,,
DebugDatastore::beginDebug,432,0.432,,,,,,
EmitterManager::update,1,0.001,,,,,,
ForceGrid::update,82741,82.741,,,,,,
ForceGrid::updateDebugLines,8070,8.07,,,,,,
Datastore::copyData (single),1,0.001,,,,,,
Datastore::submitData (single),248,0.248,,,,,,
Datastore::Update,582,0.582,,,,,,
MeshDatastore::Update,1,0.001,,,,,,
Renderer::clear,6,0.006,,,,,,
TextureBuffer::getPointer,10,0.01,,,,,,
TextureBuffer::releasePointer,2,0.002,,,,,,
TextureBuffer::loadData,515,0.515,,,,,,
TextureBuffer::bind,7,0.007,,,,,,
Renderer::update,1272,1.272,,,,,,
Renderer::MVP,7,0.007,,,,,,
Renderer::draw,2809,2.809,,,,,,
DebugRenderer::draw,1947,1.947,,,,,,
GUILayer::render,119,0.119,,,,,,
App::run,99571,99.571,,,,,,
DebugDatastore::beginDebug,466,0.466,,,,,,
EmitterManager::update,1,0.001,,,,,,
ForceGrid::update,83687,83.687,,,,,,
ForceGrid::updateDebugLines,7622,7.622,,,,,,
Datastore::copyData (single),2,0.002,,,,,,
Datastore::submitData (single),252,0.252,,,,,,
Datastore::Update,553,0.553,,,,,,
MeshDatastore::Update,1,0.001,,,,,,
Renderer::clear,7,0.007,,,,,,
TextureBuffer::getPointer,2,0.002,,,,,,
TextureBuffer::releasePointer,2,0.002,,,,,,
TextureBuffer::loadData,502,0.502,,,,,,
TextureBuffer::bind,3,0.003,,,,,,
Renderer::update,1430,1.43,,,,,,
Renderer::MVP,6,0.006,,,,,,
Renderer::draw,2346,2.346,,,,,,
DebugRenderer::draw,1669,1.669,,,,,,
GUILayer::render,85,0.085,,,,,,
App::run,99168,99.168,,,,,,
DebugDatastore::beginDebug,431,0.431,,,,,,
EmitterManager::update,1,0.001,,,,,,
ForceGrid::update,78150,78.15,,,,,,
ForceGrid::updateDebugLines,6948,6.948,,,,,,
Datastore::copyData (single),2,0.002,,,,,,
Datastore::submitData (single),247,0.247,,,,,,
Datastore::Update,551,0.551,,,,,,
MeshDatastore::Update,1,0.001,,,,,,
Renderer::clear,5,0.005,,,,,,
TextureBuffer::getPointer,3,0.003,,,,,,
TextureBuffer::releasePointer,1,0.001,,,,,,
TextureBuffer::loadData,1758,1.758,,,,,,
TextureBuffer::bind,4,0.004,,,,,,
Renderer::update,2516,2.516,,,,,,
Renderer::MVP,6,0.006,,,,,,
Renderer::draw,2971,2.971,,,,,,
DebugRenderer::draw,1642,1.642,,,,,,
GUILayer::render,84,0.084,,,,,,
App::run,92226,92.226,,,,,,
DebugDatastore::beginDebug,432,0.432,,,,,,
EmitterManager::update,2,0.002,,,,,,
ForceGrid::update,79586,79.586,,,,,,
ForceGrid::updateDebugLines,6949,6.949,,,,,,
Datastore::copyData (single),2,0.002,,,,,,
Datastore::submitData (single),247,0.247,,,,,,
Datastore::Update,556,0.556,,,,,,
MeshDatastore::Update,0,0,,,,,,
Renderer::clear,5,0.005,,,,,,
TextureBuffer::getPointer,3,0.003,,,,,,
TextureBuffer::releasePointer,2,0.002,,,,,,
TextureBuffer::loadData,1701,1.701,,,,,,
TextureBuffer::bind,4,0.004,,,,,,
Renderer::update,2471,2.471,,,,,,
Renderer::MVP,6,0.006,,,,,,
Renderer::draw,2859,2.859,,,,,,
DebugRenderer::draw,1800,1.8,,,,,,
GUILayer::render,106,0.106,,,,,,
App::run,93836,93.836,,,,,,
DebugDatastore::beginDebug,485,0.485,,,,,,
EmitterManager::update,1,0.001,,,,,,
ForceGrid::update,77543,77.543,,,,,,
ForceGrid::updateDebugLines,6935,6.935,,,,,,
Datastore::copyData (single),2,0.002,,,,,,
Datastore::submitData (single),249,0.249,,,,,,
Datastore::Update,509,0.509,,,,,,
MeshDatastore::Update,0,0,,,,,,
Renderer::clear,5,0.005,,,,,,
TextureBuffer::getPointer,4,0.004,,,,,,
TextureBuffer::releasePointer,1,0.001,,,,,,
TextureBuffer::loadData,1769,1.769,,,,,,
TextureBuffer::bind,5,0.005,,,,,,
Renderer::update,2503,2.503,,,,,,
Renderer::MVP,8,0.008,,,,,,
Renderer::draw,2869,2.869,,,,,,
DebugRenderer::draw,1881,1.881,,,,,,
GUILayer::render,106,0.106,,,,,,
App::run,92025,92.025,,,,,,
DebugDatastore::beginDebug,486,0.486,,,,,,
EmitterManager::update,1,0.001,,,,,,
ForceGrid::update,87800,87.8,,,,,,
ForceGrid::updateDebugLines,8886,8.886,,,,,,
Datastore::copyData (single),3,0.003,,,,,,
Datastore::submitData (single),592,0.592,,,,,,
Datastore::Update,897,0.897,,,,,,
MeshDatastore::Update,0,0,,,,,,
Renderer::clear,6,0.006,,,,,,
TextureBuffer::getPointer,1,0.001,,,,,,
TextureBuffer::releasePointer,2,0.002,,,,,,
TextureBuffer::loadData,517,0.517,,,,,,
TextureBuffer::bind,5,0.005,,,,,,
Renderer::update,1318,1.318,,,,,,
Renderer::MVP,8,0.008,,,,,,
Renderer::draw,1742,1.742,,,,,,
DebugRenderer::draw,1932,1.932,,,,,,
GUILayer::render,125,0.125,,,,,,
App::run,104911,104.911,,,,,,
DebugDatastore::beginDebug,485,0.485,,,,,,
EmitterManager::update,2,0.002,,,,,,
ForceGrid::update,86686,86.686,,,,,,
ForceGrid::updateDebugLines,7992,7.992,,,,,,
Datastore::copyData (single),2,0.002,,,,,,
Datastore::submitData (single),412,0.412,,,,,,
Datastore::Update,817,0.817,,,,,,
MeshDatastore::Update,0,0,,,,,,
Renderer::clear,8,0.008,,,,,,
TextureBuffer::getPointer,4,0.004,,,,,,
TextureBuffer::releasePointer,8,0.008,,,,,,
TextureBuffer::loadData,216112,216.112,,,,,,
TextureBuffer::bind,7,0.007,,,,,,
Renderer::update,252762,252.762,,,,,,
Renderer::MVP,16,0.016,,,,,,
Renderer::draw,253912,253.912,,,,,,
DebugRenderer::draw,1812,1.812,,,,,,
GUILayer::render,97,0.097,,,,,,
App::run,376091,376.091,,,,,,
DebugDatastore::beginDebug,531,0.531,,,,,,
EmitterManager::update,1,0.001,,,,,,
ForceGrid::update,86294,86.294,,,,,,
ForceGrid::updateDebugLines,7934,7.934,,,,,,
Datastore::copyData (single),2,0.002,,,,,,
Datastore::submitData (single),280,0.28,,,,,,
Datastore::Update,1482,1.482,,,,,,
MeshDatastore::Update,0,0,,,,,,
Renderer::clear,6,0.006,,,,,,
TextureBuffer::getPointer,4,0.004,,,,,,
TextureBuffer::releasePointer,1,0.001,,,,,,
TextureBuffer::loadData,562,0.562,,,,,,
TextureBuffer::bind,4,0.004,,,,,,
Renderer::update,1410,1.41,,,,,,
Renderer::MVP,8,0.008,,,,,,
Renderer::draw,3425,3.425,,,,,,
DebugRenderer::draw,1891,1.891,,,,,,
GUILayer::render,95,0.095,,,,,,
App::run,103888,103.888,,,,,,
DebugDatastore::beginDebug,441,0.441,,,,,,
EmitterManager::update,1,0.001,,,,,,
ForceGrid::update,83152,83.152,,,,,,
ForceGrid::updateDebugLines,7589,7.589,,,,,,
Datastore::copyData (single),1,0.001,,,,,,
Datastore::submitData (single),857,0.857,,,,,,
Datastore::Update,25603,25.603,,,,,,
MeshDatastore::Update,1,0.001,,,,,,
Renderer::clear,7,0.007,,,,,,
TextureBuffer::getPointer,4,0.004,,,,,,
TextureBuffer::releasePointer,2,0.002,,,,,,
TextureBuffer::loadData,471,0.471,,,,,,
TextureBuffer::bind,4,0.004,,,,,,
Renderer::update,1249,1.249,,,,,,
Renderer::MVP,7,0.007,,,,,,
Renderer::draw,1656,1.656,,,,,,
DebugRenderer::draw,1799,1.799,,,,,,
GUILayer::render,94,0.094,,,,,,
App::run,198325,198.325,,,,,,
DebugDatastore::beginDebug,537,0.537,,,,,,
EmitterManager::update,1,0.001,,,,,,
ForceGrid::update,87220,87.22,,,,,,
ForceGrid::updateDebugLines,7601,7.601,,,,,,
Datastore::copyData (single),2,0.002,,,,,,
Datastore::submitData (single),253,0.253,,,,,,
Datastore::Update,558,0.558,,,,,,
MeshDatastore::Update,0,0,,,,,,
Renderer::clear,8,0.008,,,,,,
TextureBuffer::getPointer,2,0.002,,,,,,
TextureBuffer::releasePointer,2,0.002,,,,,,
TextureBuffer::loadData,661,0.661,,,,,,
TextureBuffer::bind,6,0.006,,,,,,
Renderer::update,1366,1.366,,,,,,
Renderer::MVP,7,0.007,,,,,,
Renderer::draw,1960,1.96,,,,,,
DebugRenderer::draw,1834,1.834,,,,,,
GUILayer::render,106,0.106,,,,,,
App::run,102764,102.764,,,,,,
DebugDatastore::beginDebug,477,0.477,,,,,,
EmitterManager::update,2,0.002,,,,,,
ForceGrid::update,83324,83.324,,,,,,
ForceGrid::updateDebugLines,7870,7.87,,,,,,
Datastore::copyData (single),2,0.002,,,,,,
Datastore::submitData (single),246,0.246,,,,,,
Datastore::Update,550,0.55,,,,,,
MeshDatastore::Update,0,0,,,,,,
Renderer::clear,6,0.006,,,,,,
TextureBuffer::getPointer,2,0.002,,,,,,
TextureBuffer::releasePointer,2,0.002,,,,,,
TextureBuffer::loadData,572,0.572,,,,,,
TextureBuffer::bind,5,0.005,,,,,,
Renderer::update,1346,1.346,,,,,,
Renderer::MVP,7,0.007,,,,,,
Renderer::draw,1773,1.773,,,,,,
DebugRenderer::draw,1789,1.789,,,,,,
GUILayer::render,105,0.105,,,,,,
App::run,98285,98.285,,,,,,
DebugDatastore::beginDebug,467,0.467,,,,,,
EmitterManager::update,1,0.001,,,,,,
ForceGrid::update,85338,85.338,,,,,,
ForceGrid::updateDebugLines,8031,8.031,,,,,,
Datastore::copyData (single),3,0.003,,,,,,
Datastore::submitData (single),248,0.248,,,,,,
Datastore::Update,574,0.574,,,,,,
MeshDatastore::Update,0,0,,,,,,
Renderer::clear,7,0.007,,,,,,
TextureBuffer::getPointer,1,0.001,,,,,,
TextureBuffer::releasePointer,2,0.002,,,,,,
TextureBuffer::loadData,491,0.491,,,,,,
TextureBuffer::bind,3,0.003,,,,,,
Renderer::update,1297,1.297,,,,,,
Renderer::MVP,7,0.007,,,,,,
Renderer::draw,1900,1.9,,,,,,
DebugRenderer::draw,1776,1.776,,,,,,
GUILayer::render,95,0.095,,,,,,
App::run,101310,101.31,,,,,,
DebugDatastore::beginDebug,468,0.468,,,,,,
EmitterManager::update,1,0.001,,,,,,
ForceGrid::update,83542,83.542,,,,,,
ForceGrid::updateDebugLines,6953,6.953,,,,,,
Datastore::copyData (single),2,0.002,,,,,,
Datastore::submitData (single),253,0.253,,,,,,
Datastore::Update,516,0.516,,,,,,
MeshDatastore::Update,0,0,,,,,,
Renderer::clear,7,0.007,,,,,,
TextureBuffer::getPointer,2,0.002,,,,,,
TextureBuffer::releasePointer,2,0.002,,,,,,
TextureBuffer::loadData,1247,1.247,,,,,,
TextureBuffer::bind,4,0.004,,,,,,
Renderer::update,2359,2.359,,,,,,
Renderer::MVP,6,0.006,,,,,,
Renderer::draw,2857,2.857,,,,,,
DebugRenderer::draw,1799,1.799,,,,,,
GUILayer::render,93,0.093,,,,,,
App::run,98788,98.788,,,,,,
DebugDatastore::beginDebug,534,0.534,,,,,,
Datastore::copyData,16,0.016,,,,,,
Datastore::submitData,208,0.208,,,,,,
EmitterManager::update,1,0.001,,,,,,
ForceGrid::update,87134,87.134,,,,,,
ForceGrid::updateDebugLines,7886,7.886,,,,,,
Datastore::copyData (single),2,0.002,,,,,,
Datastore::submitData (single),136,0.136,,,,,,
Datastore::Update,485,0.485,,,,,,
MeshDatastore::Update,0,0,,,,,,
Renderer::clear,7,0.007,,,,,,
TextureBuffer::getPointer,2,0.002,,,,,,
TextureBuffer::releasePointer,2,0.002,,,,,,
TextureBuffer::loadData,584,0.584,,,,,,
TextureBuffer::bind,3,0.003,,,,,,
Renderer::update,1317,1.317,,,,,,
Renderer::MVP,7,0.007,,,,,,
Renderer::draw,1731,1.731,,,,,,
DebugRenderer::draw,1807,1.807,,,,,,
GUILayer::render,95,0.095,,,,,,
App::run,102287,102.287,,,,,,
DebugDatastore::beginDebug,531,0.531,,,,,,
Datastore::copyData,16,0.016,,,,,,
Datastore::submitData,247,0.247,,,,,,
EmitterManager::update,1,0.001,,,,,,
ForceGrid::update,80668,80.668,,,,,,
ForceGrid::updateDebugLines,6949,6.949,,,,,,
Datastore::copyData (single),1,0.001,,,,,,
Datastore::submitData (single),110,0.11,,,,,,
Datastore::Update,586,0.586,,,,,,
MeshDatastore::Update,0,0,,,,,,
Renderer::clear,7,0.007,,,,,,
TextureBuffer::getPointer,2,0.002,,,,,,
TextureBuffer::releasePointer,2,0.002,,,,,,
TextureBuffer::loadData,1619,1.619,,,,,,
TextureBuffer::bind,4,0.004,,,,,,
Renderer::update,2332,2.332,,,,,,
Renderer::MVP,6,0.006,,,,,,
Renderer::draw,2737,2.737,,,,,,
DebugRenderer::draw,1917,1.917,,,,,,
GUILayer::render,120,0.12,,,,,,
App::run,95493,95.493,,,,,,
DebugDatastore::beginDebug,468,0.468,,,,,,
Datastore::copyData,1390,1.39,,,,,,
Datastore::submitData,1568,1.568,,,,,,
EmitterManager::update,2,0.002,,,,,,
ForceGrid::update,80899,80.899,,,,,,
ForceGrid::updateDebugLines,7449,7.449,,,,,,
Datastore::copyData (single),1,0.001,,,,,,
Datastore::submitData (single),65,0.065,,,,,,
Datastore::Update,596,0.596,,,,,,
MeshDatastore::Update,0,0,,,,,,
Renderer::clear,7,0.007,,,,,,
TextureBuffer::getPointer,3,0.003,,,,,,
TextureBuffer::releasePointer,2,0.002,,,,,,
TextureBuffer::loadData,897,0.897,,,,,,
TextureBuffer::bind,5,0.005,,,,,,
Renderer::update,1678,1.678,,,,,,
Renderer::MVP,7,0.007,,,,,,
Renderer::draw,2145,2.145,,,,,,
DebugRenderer::draw,1948,1.948,,,,,,
GUILayer::render,108,0.108,,,,,,
App::run,95799,95.799,,,,,,
DebugDatastore::beginDebug,510,0.51,,,,,,
Datastore::copyData,63,0.063,,,,,,
Datastore::submitData,240,0.24,,,,,,
EmitterManager::update,2,0.002,,,,,,
ForceGrid::update,78973,78.973,,,,,,
ForceGrid::updateDebugLines,7603,7.603,,,,,,
Datastore::copyData (single),1,0.001,,,,,,
Datastore::submitData (single),67,0.067,,,,,,
Datastore::Update,573,0.573,,,,,,
MeshDatastore::Update,0,0,,,,,,
Renderer::clear,5,0.005,,,,,,
TextureBuffer::getPointer,3,0.003,,,,,,
TextureBuffer::releasePointer,3,0.003,,,,,,
TextureBuffer::loadData,551,0.551,,,,,,
TextureBuffer::bind,10,0.01,,,,,,
Renderer::update,1312,1.312,,,,,,
Renderer::MVP,6,0.006,,,,,,
Renderer::draw,1765,1.765,,,,,,
DebugRenderer::draw,1957,1.957,,,,,,
GUILayer::render,115,0.115,,,,,,
App::run,94122,94.122,,,,,,
DebugDatastore::beginDebug,538,0.538,,,,,,
Datastore::copyData,20,0.02,,,,,,
Datastore::submitData,481,0.481,,,,,,
EmitterManager::update,2,0.002,,,,,,
ForceGrid::update,90226,90.226,,,,,,
ForceGrid::updateDebugLines,7930,7.93,,,,,,
Datastore::copyData (single),2,0.002,,,,,,
Datastore::submitData (single),70,0.07,,,,,,
Datastore::Update,975,0.975,,,,,,
MeshDatastore::Update,0,0,,,,,,
Renderer::clear,6,0.006,,,,,,
TextureBuffer::getPointer,2,0.002,,,,,,
TextureBuffer::releasePointer,2,0.002,,,,,,
TextureBuffer::loadData,527,0.527,,,,,,
TextureBuffer::bind,4,0.004,,,,,,
Renderer::update,1346,1.346,,,,,,
Renderer::MVP,6,0.006,,,,,,
Renderer::draw,1707,1.707,,,,,,
DebugRenderer::draw,1813,1.813,,,,,,
GUILayer::render,96,0.096,,,,,,
App::run,106033,106.033,,,,,,
DebugDatastore::beginDebug,536,0.536,,,,,,
Datastore::copyData,74,0.074,,,,,,
Datastore::submitData,325,0.325,,,,,,
EmitterManager::update,2,0.002,,,,,,
ForceGrid::update,91139,91.139,,,,,,
ForceGrid::updateDebugLines,7931,7.931,,,,,,
Datastore::copyData (single),2,0.002,,,,,,
Datastore::submitData (single),70,0.07,,,,,,
Datastore::Update,534,0.534,,,,,,
MeshDatastore::Update,0,0,,,,,,
Renderer::clear,8,0.008,,,,,,
TextureBuffer::getPointer,2,0.002,,,,,,
TextureBuffer::releasePointer,3,0.003,,,,,,
TextureBuffer::loadData,558,0.558,,,,,,
TextureBuffer::bind,4,0.004,,,,,,
Renderer::update,1930,1.93,,,,,,
Renderer::MVP,7,0.007,,,,,,
Renderer::draw,2388,2.388,,,,,,
DebugRenderer::draw,1885,1.885,,,,,,
GUILayer::render,111,0.111,,,,,,
App::run,107088,107.088,,,,,,
DebugDatastore::beginDebug,548,0.548,,,,,,
Datastore::copyData,20,0.02,,,,,,
Datastore::submitData,222,0.222,,,,,,
EmitterManager::update,2,0.002,,,,,,
ForceGrid::update,89615,89.615,,,,,,
ForceGrid::updateDebugLines,8070,8.07,,,,,,
Datastore::copyData (single),1,0.001,,,,,,
Datastore::submitData (single),59,0.059,,,,,,
Datastore::Update,1485,1.485,,,,,,
MeshDatastore::Update,0,0,,,,,,
Renderer::clear,6,0.006,,,,,,
TextureBuffer::getPointer,2,0.002,,,,,,
TextureBuffer::releasePointer,2,0.002,,,,,,
TextureBuffer::loadData,584,0.584,,,,,,
TextureBuffer::bind,4,0.004,,,,,,
Renderer::update,1343,1.343,,,,,,
Renderer::MVP,7,0.007,,,,,,
Renderer::draw,1782,1.782,,,,,,
DebugRenderer::draw,1672,1.672,,,,,,
GUILayer::render,85,0.085,,,,,,
App::run,105497,105.497,,,,,,
DebugDatastore::beginDebug,469,0.469,,,,,,
Datastore::copyData,65,0.065,,,,,,
Datastore::submitData,223,0.223,,,,,,
EmitterManager::update,2,0.002,,,,,,
ForceGrid::update,83111,83.111,,,,,,
ForceGrid::updateDebugLines,7462,7.462,,,,,,
Datastore::copyData (single),2,0.002,,,,,,
Datastore::submitData (single),67,0.067,,,,,,
Datastore::Update,593,0.593,,,,,,
MeshDatastore::Update,0,0,,,,,,
Renderer::clear,7,0.007,,,,,,
TextureBuffer::getPointer,3,0.003,,,,,,
TextureBuffer::releasePointer,3,0.003,,,,,,
TextureBuffer::loadData,501,0.501,,,,,,
TextureBuffer::bind,4,0.004,,,,,,
Renderer::update,1364,1.364,,,,,,
Renderer::MVP,7,0.007,,,,,,
Renderer::draw,1762,1.762,,,,,,
DebugRenderer::draw,1869,1.869,,,,,,
GUILayer::render,95,0.095,,,,,,
App::run,98015,98.015,,,,,,
DebugDatastore::beginDebug,531,0.531,,,,,,
Datastore::copyData,13,0.013,,,,,,
Datastore::submitData,208,0.208,,,,,,
EmitterManager::update,2,0.002,,,,,,
ForceGrid::update,85987,85.987,,,,,,
ForceGrid::updateDebugLines,7984,7.984,,,,,,
Datastore::copyData (single),2,0.002,,,,,,
Datastore::submitData (single),90,0.09,,,,,,
Datastore::Update,711,0.711,,,,,,
MeshDatastore::Update,0,0,,,,,,
Renderer::clear,8,0.008,,,,,,
TextureBuffer::getPointer,2,0.002,,,,,,
TextureBuffer::releasePointer,2,0.002,,,,,,
TextureBuffer::loadData,531,0.531,,,,,,
TextureBuffer::bind,5,0.005,,,,,,
Renderer::update,1296,1.296,,,,,,
Renderer::MVP,6,0.006,,,,,,
Renderer::draw,1732,1.732,,,,,,
DebugRenderer::draw,1695,1.695,,,,,,
GUILayer::render,95,0.095,,,,,,
App::run,132975,132.975,,,,,,
DebugDatastore::beginDebug,535,0.535,,,,,,
Datastore::copyData,87,0.087,,,,,,
Datastore::submitData,632,0.632,,,,,,
EmitterManager::update,2,0.002,,,,,,
ForceGrid::update,82451,82.451,,,,,,
ForceGrid::updateDebugLines,6945,6.945,,,,,,
Datastore::copyData (single),7,0.007,,,,,,
Datastore::submitData (single),62,0.062,,,,,,
Datastore::Update,653,0.653,,,,,,
MeshDatastore::Update,0,0,,,,,,
Renderer::clear,7,0.007,,,,,,
TextureBuffer::getPointer,11,0.011,,,,,,
TextureBuffer::releasePointer,2,0.002,,,,,,
TextureBuffer::loadData,1554,1.554,,,,,,
TextureBuffer::bind,5,0.005,,,,,,
Renderer::update,2392,2.392,,,,,,
Renderer::MVP,7,0.007,,,,,,
Renderer::draw,2946,2.946,,,,,,
DebugRenderer::draw,1679,1.679,,,,,,
GUILayer::render,95,0.095,,,,,,
App::run,96711,96.711,,,,,,
DebugDatastore::beginDebug,501,0.501,,,,,,
Datastore::copyData,11,0.011,,,,,,
Datastore::submitData,236,0.236,,,,,,
EmitterManager::update,1,0.001,,,,,,
ForceGrid::update,79791,79.791,,,,,,
ForceGrid::updateDebugLines,7162,7.162,,,,,,
Datastore::copyData (single),1,0.001,,,,,,
Datastore::submitData (single),59,0.059,,,,,,
Datastore::Update,721,0.721,,,,,,
MeshDatastore::Update,0,0,,,,,,
Renderer::clear,7,0.007,,,,,,
TextureBuffer::getPointer,3,0.003,,,,,,
TextureBuffer::releasePointer,2,0.002,,,,,,
TextureBuffer::loadData,498,0.498,,,,,,
TextureBuffer::bind,5,0.005,,,,,,
Renderer::update,1353,1.353,,,,,,
Renderer::MVP,6,0.006,,,,,,
Renderer::draw,1732,1.732,,,,,,
DebugRenderer::draw,1671,1.671,,,,,,
GUILayer::render,109,0.109,,,,,,
App::run,94397,94.397,,,,,,
DebugDatastore::beginDebug,512,0.512,,,,,,
Datastore::copyData,62,0.062,,,,,,
Datastore::submitData,211,0.211,,,,,,
EmitterManager::update,2,0.002,,,,,,
ForceGrid::update,77622,77.622,,,,,,
ForceGrid::updateDebugLines,7147,7.147,,,,,,
Datastore::copyData (single),2,0.002,,,,,,
Datastore::submitData (single),58,0.058,,,,,,
Datastore::Update,682,0.682,,,,,,
MeshDatastore::Update,0,0,,,,,,
Renderer::clear,7,0.007,,,,,,
TextureBuffer::getPointer,3,0.003,,,,,,
TextureBuffer::releasePointer,3,0.003,,,,,,
TextureBuffer::loadData,1667,1.667,,,,,,
TextureBuffer::bind,3,0.003,,,,,,
Renderer::update,2482,2.482,,,,,,
Renderer::MVP,6,0.006,,,,,,
Renderer::draw,2906,2.906,,,,,,
DebugRenderer::draw,1658,1.658,,,,,,
GUILayer::render,85,0.085,,,,,,
App::run,92017,92.017,,,,,,
DebugDatastore::beginDebug,492,0.492,,,,,,
Datastore::copyData,12,0.012,,,,,,
Datastore::submitData,225,0.225,,,,,,
EmitterManager::update,2,0.002,,,,,,
ForceGrid::update,77557,77.557,,,,,,
ForceGrid::updateDebugLines,6985,6.985,,,,,,
Datastore::copyData (single),1,0.001,,,,,,
Datastore::submitData (single),60,0.06,,,,,,
Datastore::Update,706,0.706,,,,,,
MeshDatastore::Update,1,0.001,,,,,,
Renderer::clear,7,0.007,,,,,,
TextureBuffer::getPointer,3,0.003,,,,,,
TextureBuffer::releasePointer,3,0.003,,,,,,
TextureBuffer::loadData,1658,1.658,,,,,,
TextureBuffer::bind,3,0.003,,,,,,
Renderer::update,2512,2.512,,,,,,
Renderer::MVP,6,0.006,,,,,,
Renderer::draw,2918,2.918,,,,,,
DebugRenderer::draw,1658,1.658,,,,,,
GUILayer::render,85,0.085,,,,,,
App::run,92421,92.421,,,,,,
DebugDatastore::beginDebug,552,0.552,,,,,,
Datastore::copyData,84,0.084,,,,,,
Datastore::submitData,198,0.198,,,,,,
EmitterManager::update,2,0.002,,,,,,
ForceGrid::update,83203,83.203,,,,,,
ForceGrid::updateDebugLines,7696,7.696,,,,,,
Datastore::copyData (single),2,0.002,,,,,,
Datastore::submitData (single),78,0.078,,,,,,
Datastore::Update,841,0.841,,,,,,
MeshDatastore::Update,1,0.001,,,,,,
Renderer::clear,6,0.006,,,,,,
TextureBuffer::getPointer,1,0.001,,,,,,
TextureBuffer::releasePointer,2,0.002,,,,,,
TextureBuffer::loadData,551,0.551,,,,,,
TextureBuffer::bind,4,0.004,,,,,,
Renderer::update,1532,1.532,,,,,,
Renderer::MVP,7,0.007,,,,,,
Renderer::draw,2014,2.014,,,,,,
DebugRenderer::draw,1706,1.706,,,,,,
GUILayer::render,85,0.085,,,,,,
App::run,98586,98.586,,,,,,
DebugDatastore::beginDebug,528,0.528,,,,,,
Datastore::copyData,13,0.013,,,,,,
Datastore::submitData,234,0.234,,,,,,
EmitterManager::update,2,0.002,,,,,,
ForceGrid::update,77884,77.884,,,,,,
ForceGrid::updateDebugLines,7540,7.54,,,,,,
Datastore::copyData (single),2,0.002,,,,,,
Datastore::submitData (single),99,0.099,,,,,,
Datastore::Update,856,0.856,,,,,,
MeshDatastore::Update,1,0.001,,,,,,
Renderer::clear,5,0.005,,,,,,
TextureBuffer::getPointer,1,0.001,,,,,,
TextureBuffer::releasePointer,2,0.002,,,,,,
TextureBuffer::loadData,489,0.489,,,,,,
TextureBuffer::bind,4,0.004,,,,,,
Renderer::update,1296,1.296,,,,,,
Renderer::MVP,6,0.006,,,,,,
Renderer::draw,1726,1.726,,,,,,
DebugRenderer::draw,1660,1.66,,,,,,
GUILayer::render,85,0.085,,,,,,
App::run,92977,92.977,,,,,,
DebugDatastore::beginDebug,487,0.487,,,,,,
Datastore::copyData,64,0.064,,,,,,
Datastore::submitData,237,0.237,,,,,,
EmitterManager::update,2,0.002,,,,,,
ForceGrid::update,79967,79.967,,,,,,
ForceGrid::updateDebugLines,7091,7.091,,,,,,
Datastore::copyData (single),1,0.001,,,,,,
Datastore::submitData (single),57,0.057,,,,,,
Datastore::Update,756,0.756,,,,,,
MeshDatastore::Update,0,0,,,,,,
Renderer::clear,8,0.008,,,,,,
TextureBuffer::getPointer,10,0.01,,,,,,
TextureBuffer::releasePointer,3,0.003,,,,,,
TextureBuffer::loadData,923,0.923,,,,,,
TextureBuffer::bind,3,0.003,,,,,,
Renderer::update,1706,1.706,,,,,,
Renderer::MVP,6,0.006,,,,,,
Renderer::draw,2168,2.168,,,,,,
DebugRenderer::draw,1682,1.682,,,,,,
GUILayer::render,94,0.094,,,,,,
App::run,94227,94.227,,,,,,
DebugDatastore::beginDebug,466,0.466,,,,,,
Datastore::copyData,12,0.012,,,,,,
Datastore::submitData,207,0.207,,,,,,
EmitterManager::update,1,0.001,,,,,,
ForceGrid::update,81426,81.426,,,,,,
ForceGrid::updateDebugLines,7083,7.083,,,,,,
Datastore::copyData (single),1,0.001,,,,,,
Datastore::submitData (single),59,0.059,,,,,,
Datastore::Update,888,0.888,,,,,,
MeshDatastore::Update,0,0,,,,,,
Renderer::clear,7,0.007,,,,,,
TextureBuffer::getPointer,3,0.003,,,,,,
TextureBuffer::releasePointer,2,0.002,,,,,,
TextureBuffer::loadData,506,0.506,,,,,,
TextureBuffer::bind,6,0.006,,,,,,
Renderer::update,1285,1.285,,,,,,
Renderer::MVP,7,0.007,,,,,,
Renderer::draw,1719,1.719,,,,,,
DebugRenderer::draw,1882,1.882,,,,,,
GUILayer::render,108,0.108,,,,,,
App::run,96395,96.395,,,,,,
DebugDatastore::beginDebug,534,0.534,,,,,,
Datastore::copyData,73,0.073,,,,,,
Datastore::submitData,199,0.199,,,,,,
EmitterManager::update,2,0.002,,,,,,
ForceGrid::update,78560,78.56,,,,,,
ForceGrid::updateDebugLines,7009,7.009,,,,,,
Datastore::copyData (single),1,0.001,,,,,,
Datastore::submitData (single),59,0.059,,,,,,
Datastore::Update,793,0.793,,,,,,
MeshDatastore::Update,0,0,,,,,,
Renderer::clear,7,0.007,,,,,,
TextureBuffer::getPointer,2,0.002,,,,,,
TextureBuffer::releasePointer,3,0.003,,,,,,
TextureBuffer::loadData,1630,1.63,,,,,,
TextureBuffer::bind,6,0.006,,,,,,
Renderer::update,2438,2.438,,,,,,
Renderer::MVP,10,0.01,,,,,,
Renderer::draw,3394,3.394,,,,,,
DebugRenderer::draw,1668,1.668,,,,,,
GUILayer::render,104,0.104,,,,,,
App::run,93686,93.686,,,,,,
DebugDatastore::beginDebug,472,0.472,,,,,,
Datastore::copyData,14,0.014,,,,,,
Datastore::submitData,189,0.189,,,,,,
EmitterManager::update,1,0.001,,,,,,
ForceGrid::update,79849,79.849,,,,,,
ForceGrid::updateDebugLines,7788,7.788,,,,,,
Datastore::copyData (single),1,0.001,,,,,,
Datastore::submitData (single),60,0.06,,,,,,
Datastore::Update,1200,1.2,,,,,,
MeshDatastore::Update,0,0,,,,,,
Renderer::clear,6,0.006,,,,,,
TextureBuffer::getPointer,1,0.001,,,,,,
TextureBuffer::releasePointer,2,0.002,,,,,,
TextureBuffer::loadData,572,0.572,,,,,,
TextureBuffer::bind,5,0.005,,,,,,
Renderer::update,1342,1.342,,,,,,
Renderer::MVP,7,0.007,,,,,,
Renderer::draw,1788,1.788,,,,,,
DebugRenderer::draw,1781,1.781,,,,,,
GUILayer::render,95,0.095,,,,,,
App::run,95079,95.079,,,,,,
DebugDatastore::beginDebug,535,0.535,,,,,,
Datastore::copyData,87,0.087,,,,,,
Datastore::submitData,365,0.365,,,,,,
EmitterManager::update,1,0.001,,,,,,
ForceGrid::update,85124,85.124,,,,,,
ForceGrid::updateDebugLines,6978,6.978,,,,,,
Datastore::copyData (single),1,0.001,,,,,,
Datastore::submitData (single),58,0.058,,,,,,
Datastore::Update,857,0.857,,,,,,
MeshDatastore::Update,1,0.001,,,,,,
Renderer::clear,8,0.008,,,,,,
TextureBuffer::getPointer,11,0.011,,,,,,
TextureBuffer::releasePointer,2,0.002,,,,,,
TextureBuffer::loadData,531,0.531,,,,,,
TextureBuffer::bind,5,0.005,,,,,,
Renderer::update,1280,1.28,,,,,,
Renderer::MVP,7,0.007,,,,,,
Renderer::draw,1672,1.672,,,,,,
DebugRenderer::draw,1788,1.788,,,,,,
GUILayer::render,109,0.109,,,,,,
App::run,99886,99.886,,,,,,
DebugDatastore::beginDebug,534,0.534,,,,,,
Datastore::copyData,13,0.013,,,,,,
Datastore::submitData,185,0.185,,,,,,
EmitterManager::update,1,0.001,,,,,,
ForceGrid::update,80006,80.006,,,,,,
ForceGrid::updateDebugLines,7770,7.77,,,,,,
Datastore::copyData (single),1,0.001,,,,,,
Datastore::submitData (single),68,0.068,,,,,,
Datastore::Update,1724,1.724,,,,,,
MeshDatastore::Update,1,0.001,,,,,,
Renderer::clear,7,0.007,,,,,,
TextureBuffer::getPointer,2,0.002,,,,,,
TextureBuffer::releasePointer,2,0.002,,,,,,
TextureBuffer::loadData,594,0.594,,,,,,
TextureBuffer::bind,3,0.003,,,,,,
Renderer::update,1360,1.36,,,,,,
Renderer::MVP,5,0.005,,,,,,
Renderer::draw,1782,1.782,,,,,,
DebugRenderer::draw,1679,1.679,,,,,,
GUILayer::render,85,0.085,,,,,,
App::run,95199,95.199,,,,,,
DebugDatastore::beginDebug,468,0.468,,,,,,
Datastore::copyData,64,0.064,,,,,,
Datastore::submitData,209,0.209,,,,,,
EmitterManager::update,1,0.001,,,,,,
ForceGrid::update,77520,77.52,,,,,,
ForceGrid::updateDebugLines,6933,6.933,,,,,,
Datastore::copyData (single),1,0.001,,,,,,
Datastore::submitData (single),57,0.057,,,,,,
Datastore::Update,882,0.882,,,,,,
MeshDatastore::Update,0,0,,,,,,
Renderer::clear,7,0.007,,,,,,
TextureBuffer::getPointer,3,0.003,,,,,,
TextureBuffer::releasePointer,2,0.002,,,,,,
TextureBuffer::loadData,1594,1.594,,,,,,
TextureBuffer::bind,4,0.004,,,,,,
Renderer::update,2309,2.309,,,,,,
Renderer::MVP,10,0.01,,,,,,
Renderer::draw,3877,3.877,,,,,,
DebugRenderer::draw,1666,1.666,,,,,,
GUILayer::render,97,0.097,,,,,,
App::run,93031,93.031,,,,,,
DebugDatastore::beginDebug,472,0.472,,,,,,
Datastore::copyData,16,0.016,,,,,,
Datastore::submitData,185,0.185,,,,,,
EmitterManager::update,2,0.002,,,,,,
ForceGrid::update,78084,78.084,,,,,,
ForceGrid::updateDebugLines,7001,7.001,,,,,,
Datastore::copyData (single),1,0.001,,,,,,
Datastore::submitData (single),58,0.058,,,,,,
Datastore::Update,945,0.945,,,,,,
MeshDatastore::Update,0,0,,,,,,
Renderer::clear,6,0.006,,,,,,
TextureBuffer::getPointer,1,0.001,,,,,,
TextureBuffer::releasePointer,3,0.003,,,,,,
TextureBuffer::loadData,484,0.484,,,,,,
TextureBuffer::bind,4,0.004,,,,,,
Renderer::update,1275,1.275,,,,,,
Renderer::MVP,7,0.007,,,,,,
Renderer::draw,1702,1.702,,,,,,
DebugRenderer::draw,1789,1.789,,,,,,
GUILayer::render,94,0.094,,,,,,
App::run,93069,93.069,,,,,,
DebugDatastore::beginDebug,481,0.481,,,,,,
Datastore::copyData,62,0.062,,,,,,
Datastore::submitData,204,0.204,,,,,,
EmitterManager::update,2,0.002,,,,,,
ForceGrid::update,77736,77.736,,,,,,
ForceGrid::updateDebugLines,7046,7.046,,,,,,
Datastore::copyData (single),1,0.001,,,,,,
Datastore::submitData (single),58,0.058,,,,,,
Datastore::Update,910,0.91,,,,,,
MeshDatastore::Update,0,0,,,,,,
Renderer::clear,7,0.007,,,,,,
TextureBuffer::getPointer,3,0.003,,,,,,
TextureBuffer::releasePointer,2,0.002,,,,,,
TextureBuffer::loadData,956,0.956,,,,,,
TextureBuffer::bind,5,0.005,,,,,,
Renderer::update,1722,1.722,,,,,,
Renderer::MVP,7,0.007,,,,,,
Renderer::draw,2119,2.119,,,,,,
DebugRenderer::draw,2023,2.023,,,,,,
GUILayer::render,109,0.109,,,,,,
App::run,92911,92.911,,,,,,
DebugDatastore::beginDebug,535,0.535,,,,,,
Datastore::copyData,18,0.018,,,,,,
Datastore::submitData,482,0.482,,,,,,
EmitterManager::update,2,0.002,,,,,,
ForceGrid::update,80126,80.126,,,,,,
ForceGrid::updateDebugLines,6975,6.975,,,,,,
Datastore::copyData (single),2,0.002,,,,,,
Datastore::submitData (single),58,0.058,,,,,,
Datastore::Update,989,0.989,,,,,,
MeshDatastore::Update,0,0,,,,,,
Renderer::clear,7,0.007,,,,,,
TextureBuffer::getPointer,2,0.002,,,,,,
TextureBuffer::releasePointer,2,0.002,,,,,,
TextureBuffer::loadData,515,0.515,,,,,,
TextureBuffer::bind,6,0.006,,,,,,
Renderer::update,1271,1.271,,,,,,
Renderer::MVP,7,0.007,,,,,,
Renderer::draw,1694,1.694,,,,,,
DebugRenderer::draw,1786,1.786,,,,,,
GUILayer::render,95,0.095,,,,,,
App::run,95344,95.344,,,,,,
DebugDatastore::beginDebug,480,0.48,,,,,,
Datastore::copyData,64,0.064,,,,,,
Datastore::submitData,189,0.189,,,,,,
EmitterManager::update,2,0.002,,,,,,
ForceGrid::update,78691,78.691,,,,,,
ForceGrid::updateDebugLines,7452,7.452,,,,,,
Datastore::copyData (single),0,0,,,,,,
Datastore::submitData (single),56,0.056,,,,,,
Datastore::Update,954,0.954,,,,,,
MeshDatastore::Update,0,0,,,,,,
Renderer::clear,7,0.007,,,,,,
TextureBuffer::getPointer,3,0.003,,,,,,
TextureBuffer::releasePointer,2,0.002,,,,,,
TextureBuffer::loadData,623,0.623,,,,,,
TextureBuffer::bind,5,0.005,,,,,,
Renderer::update,1363,1.363,,,,,,
Renderer::MVP,7,0.007,,,,,,
Renderer::draw,1687,1.687,,,,,,
DebugRenderer::draw,1784,1.784,,,,,,
GUILayer::render,95,0.095,,,,,,
App::run,93660,93.66,,,,,,
DebugDatastore::beginDebug,465,0.465,,,,,,
Datastore::copyData,14,0.014,,,,,,
Datastore::submitData,227,0.227,,,,,,
EmitterManager::update,1,0.001,,,,,,
ForceGrid::update,83664,83.664,,,,,,
ForceGrid::updateDebugLines,7665,7.665,,,,,,
Datastore::copyData (single),1,0.001,,,,,,
Datastore::submitData (single),60,0.06,,,,,,
Datastore::Update,1348,1.348,,,,,,
MeshDatastore::Update,0,0,,,,,,
Renderer::clear,6,0.006,,,,,,
TextureBuffer::getPointer,2,0.002,,,,,,
TextureBuffer::releasePointer,2,0.002,,,,,,
TextureBuffer::loadData,597,0.597,,,,,,
TextureBuffer::bind,12,0.012,,,,,,
Renderer::update,2408,2.408,,,,,,
Renderer::MVP,6,0.006,,,,,,
Renderer::draw,2837,2.837,,,,,,
DebugRenderer::draw,1718,1.718,,,,,,
GUILayer::render,85,0.085,,,,,,
App::run,99802,99.802,,,,,,
DebugDatastore::beginDebug,533,0.533,,,,,,
Datastore::copyData,57,0.057,,,,,,
Datastore::submitData,195,0.195,,,,,,
EmitterManager::update,1,0.001,,,,,,
ForceGrid::update,84257,84.257,,,,,,
ForceGrid::updateDebugLines,7515,7.515,,,,,,
Datastore::copyData (single),2,0.002,,,,,,
Datastore::submitData (single),80,0.08,,,,,,
Datastore::Update,1903,1.903,,,,,,
MeshDatastore::Update,0,0,,,,,,
Renderer::clear,6,0.006,,,,,,
TextureBuffer::getPointer,2,0.002,,,,,,
TextureBuffer::releasePointer,2,0.002,,,,,,
TextureBuffer::loadData,1660,1.66,,,,,,
TextureBuffer::bind,11,0.011,,,,,,
Renderer::update,2439,2.439,,,,,,
Renderer::MVP,6,0.006,,,,,,
Renderer::draw,2883,2.883,,,,,,
DebugRenderer::draw,1785,1.785,,,,,,
GUILayer::render,95,0.095,,,,,,
App::run,100463,100.463,,,,,,
DebugDatastore::beginDebug,471,0.471,,,,,,
Datastore::copyData,14,0.014,,,,,,
Datastore::submitData,215,0.215,,,,,,
EmitterManager::update,2,0.002,,,,,,
ForceGrid::update,83681,83.681,,,,,,
ForceGrid::updateDebugLines,7697,7.697,,,,,,
Datastore::copyData (single),5,0.005,,,,,,
Datastore::submitData (single),89,0.089,,,,,,
Datastore::Update,1306,1.306,,,,,,
MeshDatastore::Update,0,0,,,,,,
Renderer::clear,6,0.006,,,,,,
TextureBuffer::getPointer,3,0.003,,,,,,
TextureBuffer::releasePointer,3,0.003,,,,,,
TextureBuffer::loadData,1366,1.366,,,,,,
TextureBuffer::bind,6,0.006,,,,,,
Renderer::update,2095,2.095,,,,,,
Renderer::MVP,6,0.006,,,,,,
Renderer::draw,2521,2.521,,,,,,
DebugRenderer::draw,1782,1.782,,,,,,
GUILayer::render,95,0.095,,,,,,
App::run,99493,99.493,,,,,,
DebugDatastore::beginDebug,465,0.465,,,,,,
Datastore::copyData,58,0.058,,,,,,
Datastore::submitData,449,0.449,,,,,,
EmitterManager::update,2,0.002,,,,,,
ForceGrid::update,88118,88.118,,,,,,
ForceGrid::updateDebugLines,7665,7.665,,,,,,
Datastore::copyData (single),2,0.002,,,,,,
Datastore::submitData (single),92,0.092,,,,,,
Datastore::Update,1797,1.797,,,,,,
MeshDatastore::Update,0,0,,,,,,
Renderer::clear,7,0.007,,,,,,
TextureBuffer::getPointer,2,0.002,,,,,,
TextureBuffer::releasePointer,2,0.002,,,,,,
TextureBuffer::loadData,552,0.552,,,,,,
TextureBuffer::bind,5,0.005,,,,,,
Renderer::update,1220,1.22,,,,,,
Renderer::MVP,7,0.007,,,,,,
Renderer::draw,1714,1.714,,,,,,
DebugRenderer::draw,1776,1.776,,,,,,
GUILayer::render,92,0.092,,,,,,
App::run,103319,103.319,,,,,,
DebugDatastore::beginDebug,548,0.548,,,,,,
Datastore::copyData,23,0.023,,,,,,
Datastore::submitData,195,0.195,,,,,,
EmitterManager::update,2,0.002,,,,,,
ForceGrid::update,83464,83.464,,,,,,
ForceGrid::updateDebugLines,7462,7.462,,,,,,
Datastore::copyData (single),2,0.002,,,,,,
Datastore::submitData (single),83,0.083,,,,,,
Datastore::Update,1581,1.581,,,,,,
MeshDatastore::Update,1,0.001,,,,,,
Renderer::clear,8,0.008,,,,,,
TextureBuffer::getPointer,2,0.002,,,,,,
TextureBuffer::releasePointer,1,0.001,,,,,,
TextureBuffer::loadData,497,0.497,,,,,,
TextureBuffer::bind,4,0.004,,,,,,
Renderer::update,1289,1.289,,,,,,
Renderer::MVP,5,0.005,,,,,,
Renderer::draw,1739,1.739,,,,,,
DebugRenderer::draw,1870,1.87,,,,,,
GUILayer::render,95,0.095,,,,,,
App::run,98623,98.623,,,,,,
DebugDatastore::beginDebug,498,0.498,,,,,,
Datastore::copyData,64,0.064,,,,,,
Datastore::submitData,189,0.189,,,,,,
EmitterManager::update,1,0.001,,,,,,
ForceGrid::update,85471,85.471,,,,,,
ForceGrid::updateDebugLines,7735,7.735,,,,,,
Datastore::copyData (single),3,0.003,,,,,,
Datastore::submitData (single),86,0.086,,,,,,
Datastore::Update,1255,1.255,,,,,,
MeshDatastore::Update,1,0.001,,,,,,
Renderer::clear,8,0.008,,,,,,
TextureBuffer::getPointer,2,0.002,,,,,,
TextureBuffer::releasePointer,2,0.002,,,,,,
TextureBuffer::loadData,568,0.568,,,,,,
TextureBuffer::bind,6,0.006,,,,,,
Renderer::update,1274,1.274,,,,,,
Renderer::MVP,6,0.006,,,,,,
Renderer::draw,1658,1.658,,,,,,
DebugRenderer::draw,1713,1.713,,,,,,
GUILayer::render,86,0.086,,,,,,
App::run,100308,100.308,,,,,,
DebugDatastore::beginDebug,528,0.528,,,,,,
Datastore::copyData,15,0.015,,,,,,
Datastore::submitData,202,0.202,,,,,,
EmitterManager::update,2,0.002,,,,,,
ForceGrid::update,82997,82.997,,,,,,
ForceGrid::updateDebugLines,7651,7.651,,,,,,
Datastore::copyData (single),2,0.002,,,,,,
Datastore::submitData (single),70,0.07,,,,,,
Datastore::Update,1816,1.816,,,,,,
MeshDatastore::Update,1,0.001,,,,,,
Renderer::clear,7,0.007,,,,,,
TextureBuffer::getPointer,2,0.002,,,,,,
TextureBuffer::releasePointer,2,0.002,,,,,,
TextureBuffer::loadData,595,0.595,,,,,,
TextureBuffer::bind,4,0.004,,,,,,
Renderer::update,1368,1.368,,,,,,
Renderer::MVP,7,0.007,,,,,,
Renderer::draw,1802,1.802,,,,,,
DebugRenderer::draw,1725,1.725,,,,,,
GUILayer::render,124,0.124,,,,,,
App::run,98103,98.103,,,,,,
DebugDatastore::beginDebug,469,0.469,,,,,,
Datastore::copyData,62,0.062,,,,,,
Datastore::submitData,451,0.451,,,,,,
EmitterManager::update,2,0.002,,,,,,
ForceGrid::update,83115,83.115,,,,,,
ForceGrid::updateDebugLines,6952,6.952,,,,,,
Datastore::copyData (single),1,0.001,,,,,,
Datastore::submitData (single),57,0.057,,,,,,
Datastore::Update,1110,1.11,,,,,,
MeshDatastore::Update,0,0,,,,,,
Renderer::clear,8,0.008,,,,,,
TextureBuffer::getPointer,2,0.002,,,,,,
TextureBuffer::releasePointer,2,0.002,,,,,,
TextureBuffer::loadData,510,0.51,,,,,,
TextureBuffer::bind,6,0.006,,,,,,
Renderer::update,1266,1.266,,,,,,
Renderer::MVP,6,0.006,,,,,,
Renderer::draw,1694,1.694,,,,,,
DebugRenderer::draw,1764,1.764,,,,,,
GUILayer::render,86,0.086,,,,,,
App::run,97772,97.772,,,,,,
DebugDatastore::beginDebug,470,0.47,,,,,,
Datastore::copyData,16,0.016,,,,,,
Datastore::submitData,201,0.201,,,,,,
EmitterManager::update,2,0.002,,,,,,
ForceGrid::update,83403,83.403,,,,,,
ForceGrid::updateDebugLines,7638,7.638,,,,,,
Datastore::copyData (single),1,0.001,,,,,,
Datastore::submitData (single),60,0.06,,,,,,
Datastore::Update,1861,1.861,,,,,,
MeshDatastore::Update,0,0,,,,,,
Renderer::clear,7,0.007,,,,,,
TextureBuffer::getPointer,3,0.003,,,,,,
TextureBuffer::releasePointer,2,0.002,,,,,,
TextureBuffer::loadData,543,0.543,,,,,,
TextureBuffer::bind,4,0.004,,,,,,
Renderer::update,2526,2.526,,,,,,
Renderer::MVP,6,0.006,,,,,,
Renderer::draw,2970,2.97,,,,,,
DebugRenderer::draw,1774,1.774,,,,,,
GUILayer::render,102,0.102,,,,,,
App::run,99835,99.835,,,,,,
DebugDatastore::beginDebug,523,0.523,,,,,,
Datastore::copyData,74,0.074,,,,,,
Datastore::submitData,195,0.195,,,,,,
EmitterManager::update,2,0.002,,,,,,
ForceGrid::update,82512,82.512,,,,,,
ForceGrid::updateDebugLines,7102,7.102,,,,,,
Datastore::copyData (single),2,0.002,,,,,,
Datastore::submitData (single),68,0.068,,,,,,
Datastore::Update,1248,1.248,,,,,,
MeshDatastore::Update,0,0,,,,,,
Renderer::clear,5,0.005,,,,,,
TextureBuffer::getPointer,3,0.003,,,,,,
TextureBuffer::releasePointer,2,0.002,,,,,,
TextureBuffer::loadData,521,0.521,,,,,,
TextureBuffer::bind,5,0.005,,,,,,
Renderer::update,1307,1.307,,,,,,
Renderer::MVP,7,0.007,,,,,,
Renderer::draw,1762,1.762,,,,,,
DebugRenderer::draw,1665,1.665,,,,,,
GUILayer::render,86,0.086,,,,,,
App::run,96385,96.385,,,,,,
DebugDatastore::beginDebug,535,0.535,,,,,,
Datastore::copyData,284,0.284,,,,,,
Datastore::submitData,390,0.39,,,,,,
EmitterManager::update,2,0.002,,,,,,
ForceGrid::update,81191,81.191,,,,,,
ForceGrid::updateDebugLines,7019,7.019,,,,,,
Datastore::copyData (single),0,0,,,,,,
Datastore::submitData (single),56,0.056,,,,,,
Datastore::Update,1211,1.211,,,,,,
MeshDatastore::Update,1,0.001,,,,,,
Renderer::clear,8,0.008,,,,,,
TextureBuffer::getPointer,2,0.002,,,,,,
TextureBuffer::releasePointer,2,0.002,,,,,,
TextureBuffer::loadData,585,0.585,,,,,,
TextureBuffer::bind,4,0.004,,,,,,
Renderer::update,1346,1.346,,,,,,
Renderer::MVP,7,0.007,,,,,,
Renderer::draw,1743,1.743,,,,,,
DebugRenderer::draw,1944,1.944,,,,,,
GUILayer::render,107,0.107,,,,,,
App::run,96408,96.408,,,,,,
DebugDatastore::beginDebug,467,0.467,,,,,,
Datastore::copyData,64,0.064,,,,,,
Datastore::submitData,256,0.256,,,,,,
EmitterManager::update,1,0.001,,,,,,
ForceGrid::update,84303,84.303,,,,,,
ForceGrid::updateDebugLines,7469,7.469,,,,,,
Datastore::copyData (single),1,0.001,,,,,,
Datastore::submitData (single),71,0.071,,,,,,
Datastore::Update,1575,1.575,,,,,,
MeshDatastore::Update,1,0.001,,,,,,
Renderer::clear,6,0.006,,,,,,
TextureBuffer::getPointer,10,0.01,,,,,,
TextureBuffer::releasePointer,1,0.001,,,,,,
TextureBuffer::loadData,488,0.488,,,,,,
TextureBuffer::bind,4,0.004,,,,,,
Renderer::update,1246,1.246,,,,,,
Renderer::MVP,7,0.007,,,,,,
Renderer::draw,1610,1.61,,,,,,
DebugRenderer::draw,1808,1.808,,,,,,
GUILayer::render,95,0.095,,,,,,
App::run,99394,99.394,,,,,,
DebugDatastore::beginDebug,496,0.496,,,,,,
Datastore::copyData,26,0.026,,,,,,
Datastore::submitData,195,0.195,,,,,,
EmitterManager::update,1,0.001,,,,,,
ForceGrid::update,80640,80.64,,,,,,
ForceGrid::updateDebugLines,7332,7.332,,,,,,
Datastore::copyData (single),2,0.002,,,,,,
Datastore::submitData (single),75,0.075,,,,,,
Datastore::Update,2176,2.176,,,,,,
MeshDatastore::Update,0,0,,,,,,
Renderer::clear,7,0.007,,,,,,
TextureBuffer::getPointer,2,0.002,,,,,,
TextureBuffer::releasePointer,2,0.002,,,,,,
TextureBuffer::loadData,512,0.512,,,,,,
TextureBuffer::bind,4,0.004,,,,,,
Renderer::update,1275,1.275,,,,,,
Renderer::MVP,7,0.007,,,,,,
Renderer::draw,1714,1.714,,,,,,
DebugRenderer::draw,1690,1.69,,,,,,
GUILayer::render,97,0.097,,,,,,
App::run,95756,95.756,,,,,,
DebugDatastore::beginDebug,533,0.533,,,,,,
Datastore::copyData,75,0.075,,,,,,
Datastore::submitData,178,0.178,,,,,,
EmitterManager::update,1,0.001,,,,,,
ForceGrid::update,86760,86.76,,,,,,
ForceGrid::updateDebugLines,7610,7.61,,,,,,
Datastore::copyData (single),1,0.001,,,,,,
Datastore::submitData (single),70966,70.966,,,,,,
Datastore::Update,73087,73.087,,,,,,
MeshDatastore::Update,0,0,,,,,,
Renderer::clear,8,0.008,,,,,,
TextureBuffer::getPointer,4,0.004,,,,,,
TextureBuffer::releasePointer,3,0.003,,,,,,
TextureBuffer::loadData,546,0.546,,,,,,
TextureBuffer::bind,5,0.005,,,,,,
Renderer::update,1310,1.31,,,,,,
Renderer::MVP,6,0.006,,,,,,
Renderer::draw,1758,1.758,,,,,,
DebugRenderer::draw,1658,1.658,,,,,,
GUILayer::render,86,0.086,,,,,,
App::run,173066,173.066,,,,,,
DebugDatastore::beginDebug,428,0.428,,,,,,
Datastore::copyData,18,0.018,,,,,,
Datastore::submitData,209,0.209,,,,,,
EmitterManager::update,2,0.002,,,,,,
ForceGrid::update,78450,78.45,,,,,,
ForceGrid::updateDebugLines,7218,7.218,,,,,,
Datastore::copyData (single),1,0.001,,,,,,
Datastore::submitData (single),74,0.074,,,,,,
Datastore::Update,1305,1.305,,,,,,
MeshDatastore::Update,0,0,,,,,,
Renderer::clear,6,0.006,,,,,,
TextureBuffer::getPointer,2,0.002,,,,,,
TextureBuffer::releasePointer,2,0.002,,,,,,
TextureBuffer::loadData,518,0.518,,,,,,
TextureBuffer::bind,6,0.006,,,,,,
Renderer::update,1369,1.369,,,,,,
Renderer::MVP,6,0.006,,,,,,
Renderer::draw,1710,1.71,,,,,,
DebugRenderer::draw,1664,1.664,,,,,,
GUILayer::render,87,0.087,,,,,,
App::run,93529,93.529,,,,,,
DebugDatastore::beginDebug,467,0.467,,,,,,
Datastore::copyData,57,0.057,,,,,,
Datastore::submitData,229,0.229,,,,,,
EmitterManager::update,1,0.001,,,,,,
ForceGrid::update,79866,79.866,,,,,,
ForceGrid::updateDebugLines,7152,7.152,,,,,,
Datastore::copyData (single),2,0.002,,,,,,
Datastore::submitData (single),60,0.06,,,,,,
Datastore::Update,1941,1.941,,,,,,
MeshDatastore::Update,0,0,,,,,,
Renderer::clear,7,0.007,,,,,,
TextureBuffer::getPointer,3,0.003,,,,,,
TextureBuffer::releasePointer,3,0.003,,,,,,
TextureBuffer::loadData,620,0.62,,,,,,
TextureBuffer::bind,3,0.003,,,,,,
Renderer::update,1468,1.468,,,,,,
Renderer::MVP,10,0.01,,,,,,
Renderer::draw,2869,2.869,,,,,,
DebugRenderer::draw,1675,1.675,,,,,,
GUILayer::render,98,0.098,,,,,,
App::run,95965,95.965,,,,,,
DebugDatastore::beginDebug,467,0.467,,,,,,
Datastore::copyData,930,0.93,,,,,,
Datastore::submitData,1056,1.056,,,,,,
EmitterManager::update,1,0.001,,,,,,
ForceGrid::update,79133,79.133,,,,,,
ForceGrid::updateDebugLines,6965,6.965,,,,,,
Datastore::copyData (single),1,0.001,,,,,,
Datastore::submitData (single),58,0.058,,,,,,
Datastore::Update,1325,1.325,,,,,,
MeshDatastore::Update,0,0,,,,,,
Renderer::clear,8,0.008,,,,,,
TextureBuffer::getPointer,2,0.002,,,,,,
TextureBuffer::releasePointer,2,0.002,,,,,,
TextureBuffer::loadData,457,0.457,,,,,,
TextureBuffer::bind,4,0.004,,,,,,
Renderer::update,1321,1.321,,,,,,
Renderer::MVP,7,0.007,,,,,,
Renderer::draw,1774,1.774,,,,,,
DebugRenderer::draw,1794,1.794,,,,,,
GUILayer::render,95,0.095,,,,,,
App::run,94510,94.51,,,,,,
DebugDatastore::beginDebug,481,0.481,,,,,,
Datastore::copyData,59,0.059,,,,,,
Datastore::submitData,206,0.206,,,,,,
EmitterManager::update,2,0.002,,,,,,
ForceGrid::update,81391,81.391,,,,,,
ForceGrid::updateDebugLines,7236,7.236,,,,,,
Datastore::copyData (single),2,0.002,,,,,,
Datastore::submitData (single),67,0.067,,,,,,
Datastore::Update,1363,1.363,,,,,,
MeshDatastore::Update,0,0,,,,,,
Renderer::clear,6,0.006,,,,,,
TextureBuffer::getPointer,3,0.003,,,,,,
TextureBuffer::releasePointer,2,0.002,,,,,,
TextureBuffer::loadData,502,0.502,,,,,,
TextureBuffer::bind,4,0.004,,,,,,
Renderer::update,1261,1.261,,,,,,
Renderer::MVP,6,0.006,,,,,,
Renderer::draw,1703,1.703,,,,,,
DebugRenderer::draw,1706,1.706,,,,,,
GUILayer::render,94,0.094,,,,,,
App::run,96919,96.919,,,,,,
DebugDatastore::beginDebug,485,0.485,,,,,,
Datastore::copyData,32,0.032,,,,,,
Datastore::submitData,596,0.596,,,,,,
EmitterManager::update,1,0.001,,,,,,
ForceGrid::update,78470,78.47,,,,,,
ForceGrid::updateDebugLines,6984,6.984,,,,,,
Datastore::copyData (single),1,0.001,,,,,,
Datastore::submitData (single),57,0.057,,,,,,
Datastore::Update,1332,1.332,,,,,,
MeshDatastore::Update,0,0,,,,,,
Renderer::clear,7,0.007,,,,,,
TextureBuffer::getPointer,3,0.003,,,,,,
TextureBuffer::releasePointer,2,0.002,,,,,,
TextureBuffer::loadData,634,0.634,,,,,,
TextureBuffer::bind,6,0.006,,,,,,
Renderer::update,1346,1.346,,,,,,
Renderer::MVP,7,0.007,,,,,,
Renderer::draw,1782,1.782,,,,,,
DebugRenderer::draw,1669,1.669,,,,,,
GUILayer::render,85,0.085,,,,,,
App::run,95015,95.015,,,,,,
DebugDatastore::beginDebug,469,0.469,,,,,,
Datastore::copyData,61,0.061,,,,,,
Datastore::submitData,191,0.191,,,,,,
EmitterManager::update,2,0.002,,,,,,
ForceGrid::update,80522,80.522,,,,,,
ForceGrid::updateDebugLines,7098,7.098,,,,,,
Datastore::copyData (single),1,0.001,,,,,,
Datastore::submitData (single),58,0.058,,,,,,
Datastore::Update,1354,1.354,,,,,,
MeshDatastore::Update,1,0.001,,,,,,
Renderer::clear,7,0.007,,,,,,
TextureBuffer::getPointer,2,0.002,,,,,,
TextureBuffer::releasePointer,2,0.002,,,,,,
TextureBuffer::loadData,641,0.641,,,,,,
TextureBuffer::bind,5,0.005,,,,,,
Renderer::update,1351,1.351,,,,,,
Renderer::MVP,7,0.007,,,,,,
Renderer::draw,1781,1.781,,,,,,
DebugRenderer::draw,1784,1.784,,,,,,
GUILayer::render,97,0.097,,,,,,
App::run,95567,95.567,,,,,,
DebugDatastore::beginDebug,479,0.479,,,,,,
Datastore::copyData,24,0.024,,,,,,
Datastore::submitData,302,0.302,,,,,,
EmitterManager::update,1,0.001,,,,,,
ForceGrid::update,78146,78.146,,,,,,
ForceGrid::updateDebugLines,7289,7.289,,,,,,
Datastore::copyData (single),1,0.001,,,,,,
Datastore::submitData (single),70,0.07,,,,,,
Datastore::Update,2261,2.261,,,,,,
MeshDatastore::Update,1,0.001,,,,,,
Renderer::clear,6,0.006,,,,,,
TextureBuffer::getPointer,2,0.002,,,,,,
TextureBuffer::releasePointer,3,0.003,,,,,,
TextureBuffer::loadData,492,0.492,,,,,,
TextureBuffer::bind,5,0.005,,,,,,
Renderer::update,1265,1.265,,,,,,
Renderer::MVP,6,0.006,,,,,,
Renderer::draw,1698,1.698,,,,,,
DebugRenderer::draw,1683,1.683,,,,,,
GUILayer::render,86,0.086,,,,,,
App::run,93178,93.178,,,,,,
DebugDatastore::beginDebug,484,0.484,,,,,,
Datastore::copyData,65,0.065,,,,,,
Datastore::submitData,419,0.419,,,,,,
EmitterManager::update,2,0.002,,,,,,
ForceGrid::update,77573,77.573,,,,,,
ForceGrid::updateDebugLines,7296,7.296,,,,,,
Datastore::copyData (single),2,0.002,,,,,,
Datastore::submitData (single),59,0.059,,,,,,
Datastore::Update,1776,1.776,,,,,,
MeshDatastore::Update,1,0.001,,,,,,
Renderer::clear,6,0.006,,,,,,
TextureBuffer::getPointer,1,0.001,,,,,,
TextureBuffer::releasePointer,1,0.001,,,,,,
TextureBuffer::loadData,495,0.495,,,,,,
TextureBuffer::bind,3,0.003,,,,,,
Renderer::update,1325,1.325,,,,,,
Renderer::MVP,6,0.006,,,,,,
Renderer::draw,1746,1.746,,,,,,
DebugRenderer::draw,1673,1.673,,,,,,
GUILayer::render,115,0.115,,,,,,
App::run,92619,92.619,,,,,,
DebugDatastore::beginDebug,485,0.485,,,,,,
Datastore::copyData,261,0.261,,,,,,
Datastore::submitData,360,0.36,,,,,,
EmitterManager::update,1,0.001,,,,,,
ForceGrid::update,78666,78.666,,,,,,
ForceGrid::updateDebugLines,8678,8.678,,,,,,
Datastore::copyData (single),1,0.001,,,,,,
Datastore::submitData (single),61,0.061,,,,,,
Datastore::Update,1615,1.615,,,,,,
MeshDatastore::Update,1,0.001,,,,,,
Renderer::clear,6,0.006,,,,,,
TextureBuffer::getPointer,2,0.002,,,,,,
TextureBuffer::releasePointer,3,0.003,,,,,,
TextureBuffer::loadData,536,0.536,,,,,,
TextureBuffer::bind,4,0.004,,,,,,
Renderer::update,2379,2.379,,,,,,
Renderer::MVP,7,0.007,,,,,,
Renderer::draw,2729,2.729,,,,,,
DebugRenderer::draw,2024,2.024,,,,,,
GUILayer::render,106,0.106,,,,,,
App::run,95943,95.943,,,,,,
DebugDatastore::beginDebug,544,0.544,,,,,,
Datastore::copyData,72,0.072,,,,,,
Datastore::submitData,198,0.198,,,,,,
EmitterManager::update,2,0.002,,,,,,
ForceGrid::update,90469,90.469,,,,,,
ForceGrid::updateDebugLines,7660,7.66,,,,,,
Datastore::copyData (single),1,0.001,,,,,,
Datastore::submitData (single),83,0.083,,,,,,
Datastore::Update,1877,1.877,,,,,,
MeshDatastore::Update,0,0,,,,,,
Renderer::clear,6,0.006,,,,,,
TextureBuffer::getPointer,4,0.004,,,,,,
TextureBuffer::releasePointer,2,0.002,,,,,,
TextureBuffer::loadData,452,0.452,,,,,,
TextureBuffer::bind,5,0.005,,,,,,
Renderer::update,1167,1.167,,,,,,
Renderer::MVP,7,0.007,,,,,,
Renderer::draw,1555,1.555,,,,,,
DebugRenderer::draw,1792,1.792,,,,,,
GUILayer::render,97,0.097,,,,,,
App::run,105859,105.859,,,,,,
DebugDatastore::beginDebug,466,0.466,,,,,,
Datastore::copyData,321,0.321,,,,,,
Datastore::submitData,424,0.424,,,,,,
EmitterManager::update,2,0.002,,,,,,
ForceGrid::update,83856,83.856,,,,,,
ForceGrid::updateDebugLines,7550,7.55,,,,,,
Datastore::copyData (single),1,0.001,,,,,,
Datastore::submitData (single),73,0.073,,,,,,
Datastore::Update,1988,1.988,,,,,,
MeshDatastore::Update,0,0,,,,,,
Renderer::clear,7,0.007,,,,,,
TextureBuffer::getPointer,2,0.002,,,,,,
TextureBuffer::releasePointer,2,0.002,,,,,,
TextureBuffer::loadData,566,0.566,,,,,,
TextureBuffer::bind,3,0.003,,,,,,
Renderer::update,1365,1.365,,,,,,
Renderer::MVP,7,0.007,,,,,,
Renderer::draw,1770,1.77,,,,,,
DebugRenderer::draw,1937,1.937,,,,,,
GUILayer::render,96,0.096,,,,,,
App::run,99300,99.3,,,,,,
DebugDatastore::beginDebug,534,0.534,,,,,,
EmitterManager::update,2,0.002,,,,,,
ForceGrid::update,81100,81.1,,,,,,
ForceGrid::updateDebugLines,7256,7.256,,,,,,
Datastore::copyData (single),10,0.01,,,,,,
Datastore::submitData (single),271,0.271,,,,,,
Datastore::Update,562,0.562,,,,,,
MeshDatastore::Update,0,0,,,,,,
Renderer::clear,7,0.007,,,,,,
TextureBuffer::getPointer,10,0.01,,,,,,
TextureBuffer::releasePointer,2,0.002,,,,,,
TextureBuffer::loadData,529,0.529,,,,,,
TextureBuffer::bind,4,0.004,,,,,,
Renderer::update,1330,1.33,,,,,,
Renderer::MVP,8,0.008,,,,,,
Renderer::draw,1657,1.657,,,,,,
DebugRenderer::draw,1779,1.779,,,,,,
GUILayer::render,94,0.094,,,,,,
App::run,95510,95.51,,,,,,
DebugDatastore::beginDebug,465,0.465,,,,,,
EmitterManager::update,1,0.001,,,,,,
ForceGrid::update,83166,83.166,,,,,,
ForceGrid::updateDebugLines,7602,7.602,,,,,,
Datastore::copyData (single),9,0.009,,,,,,
Datastore::submitData (single),263,0.263,,,,,,
Datastore::Update,556,0.556,,,,,,
MeshDatastore::Update,0,0,,,,,,
Renderer::clear,7,0.007,,,,,,
TextureBuffer::getPointer,2,0.002,,,,,,
TextureBuffer::releasePointer,3,0.003,,,,,,
TextureBuffer::loadData,511,0.511,,,,,,
TextureBuffer::bind,6,0.006,,,,,,
Renderer::update,1272,1.272,,,,,,
Renderer::MVP,7,0.007,,,,,,
Renderer::draw,1701,1.701,,,,,,
DebugRenderer::draw,1811,1.811,,,,,,
GUILayer::render,93,0.093,,,,,,
App::run,98068,98.068,,,,,,
DebugDatastore::beginDebug,535,0.535,,,,,,
EmitterManager::update,1,0.001,,,,,,
ForceGrid::update,80566,80.566,,,,,,
ForceGrid::updateDebugLines,7070,7.07,,,,,,
Datastore::copyData (single),9,0.009,,,,,,
Datastore::submitData (single),259,0.259,,,,,,
Datastore::Update,548,0.548,,,,,,
MeshDatastore::Update,1,0.001,,,,,,
Renderer::clear,5,0.005,,,,,,
TextureBuffer::getPointer,4,0.004,,,,,,
TextureBuffer::releasePointer,2,0.002,,,,,,
TextureBuffer::loadData,1692,1.692,,,,,,
TextureBuffer::bind,4,0.004,,,,,,
Renderer::update,2448,2.448,,,,,,
Renderer::MVP,6,0.006,,,,,,
Renderer::draw,2909,2.909,,,,,,
DebugRenderer::draw,1655,1.655,,,,,,
GUILayer::render,85,0.085,,,,,,
App::run,94736,94.736,,,,,,